respondent_id,Q6,Q7,Q8,Q9,Q11,Q12,Q13,Q14,Q16,Q17,Q18,Q19,Q20,Q21,song_position,song_from_response,Artist Name(s),Track Duration (ms),Popularity,Danceability,Energy,Key,Loudness,Mode,Speechiness,Acousticness,Instrumentalness,Liveness,Valence,Tempo,Time Signature
1,yes,France,more than 2 years,Male,Neither home nor NL,,2- Slightly,5 - Strongly increased,1 - Strongly Disagree,1 - Strongly Disagree,4,5,1 - Strongly Disagree,1 - Strongly Disagree,1,Pumped Up Kicks,Foster The People,239600,85,0.733,0.71,5,-5.849,0,0.0292,0.145,0.115,0.0956,0.965,127.975,4
1,yes,France,more than 2 years,Male,Neither home nor NL,,2- Slightly,5 - Strongly increased,1 - Strongly Disagree,1 - Strongly Disagree,4,5,1 - Strongly Disagree,1 - Strongly Disagree,2,On Melancholy Hill,Gorillaz,233866,84,0.689,0.739,2,-5.81,1,0.026,1.51e-05,0.509,0.064,0.578,120.423,4
1,yes,France,more than 2 years,Male,Neither home nor NL,,2- Slightly,5 - Strongly increased,1 - Strongly Disagree,1 - Strongly Disagree,4,5,1 - Strongly Disagree,1 - Strongly Disagree,3,Feels Like We Only Go Backwards,Tame Impala,192960,77,0.303,0.9,2,-2.352,0,0.0574,0.0277,0.635,0.11,0.491,149.508,4
3,yes,Spain,more than 2 years,Female,Music from my home country/culture,,1- Not at all,3- No change,4,5,7 - Strongly agree,7 - Strongly agree,5,4,1,El paseo,"Claudio Montana, Ultralágrima",116216,48,0.32,0.363,5,-13.995,1,0.0447,0.858,0.682,0.106,0.0466,120.749,4
3,yes,Spain,more than 2 years,Female,Music from my home country/culture,,1- Not at all,3- No change,4,5,7 - Strongly agree,7 - Strongly agree,5,4,2,Es amor,Finale,113858,37,0.537,0.83,6,-5.067,1,0.0429,6.81e-05,0.532,0.109,0.714,112.071,4
3,yes,Spain,more than 2 years,Female,Music from my home country/culture,,1- Not at all,3- No change,4,5,7 - Strongly agree,7 - Strongly agree,5,4,3,Preguntas ,El Canto Del Loco,203426,39,0.432,0.935,1,-2.708,1,0.108,0.0321,0.0,0.151,0.355,178.003,4
4,yes,Argentina,1–2 years,Female,Music from my home country/culture,,4- Much,5 - Strongly increased,6,6,7 - Strongly agree,7 - Strongly agree,5,5,1,Blackout by Emilia Mernes,"Emilia, TINI, Nicki Nicole",182282,72,0.778,0.787,9,-2.447,0,0.0478,0.245,0.000106,0.111,0.957,137.994,4
4,yes,Argentina,1–2 years,Female,Neither home nor NL,,4- Much,5 - Strongly increased,6,6,7 - Strongly agree,7 - Strongly agree,5,5,2,Dive by Ed Sheeran,Ed Sheeran,238440,76,0.761,0.386,4,-6.158,1,0.0399,0.355,0.0,0.0953,0.526,134.943,3
4,yes,Argentina,1–2 years,Female,Neither home nor NL,,4- Much,5 - Strongly increased,6,6,7 - Strongly agree,7 - Strongly agree,5,5,3,La Estrategia by Cali y El Dandee,Cali Y El Dandee,219228,66,0.392,0.7,8,-5.838,1,0.282,0.136,0.0,0.082,0.224,165.571,4
5,yes,Vietnam,3–6 months,Female,Neither home nor NL,,4- Much,4- Slightly increased,6,4,7 - Strongly agree,5,5,3,1,About You - The 1975,The 1975,326490,87,0.416,0.762,2,-7.385,1,0.0279,0.312,0.804,0.0559,0.461,95.967,4
5,yes,Vietnam,3–6 months,Female,Neither home nor NL,,4- Much,4- Slightly increased,6,4,7 - Strongly agree,5,5,3,2,Manchild - Sabrina Carpenter,Sabrina Carpenter,213645,85,0.731,0.685,7,-5.087,1,0.0572,0.122,0.0,0.317,0.811,123.01,4
5,yes,Vietnam,3–6 months,Female,Neither home nor NL,,4- Much,4- Slightly increased,6,4,7 - Strongly agree,5,5,3,3,Apple - Charli xcx,Charli xcx,151739,77,0.804,0.957,0,-5.452,1,0.034,0.125,0.0174,0.114,0.962,126.035,4
6,yes,Vietnam,3–6 months,Female,Music from my home country/culture,,4- Much,2-Slightly decreased,4,4,4,2,4,4,1,Em iu,"Andree Right Hand, Wxrdie, Donald Gold, 2Pillz",176000,59,0.936,0.518,0,-6.853,0,0.173,0.0673,9.46e-05,0.0764,0.402,120.039,4
6,yes,Vietnam,3–6 months,Female,Music from my home country/culture,,4- Much,2-Slightly decreased,4,4,4,2,4,4,2,Anh đã ổn hơn,RPT MCK,194005,58,0.703,0.28,3,-9.56,1,0.0293,0.726,0.000282,0.118,0.338,141.892,3
6,yes,Vietnam,3–6 months,Female,Neither home nor NL,,4- Much,2-Slightly decreased,4,4,4,2,4,4,3,End of Beginning ,Djo,159245,100,0.689,0.454,2,-7.643,1,0.0584,0.0351,0.00259,0.0707,0.912,159.982,4
8,yes,Slovakia,1–2 years,Male,Neither home nor NL,,1- Not at all,4- Slightly increased,2,2,4,2,2,1 - Strongly Disagree,1,what was that (lorde),Lorde,209286,74,0.603,0.612,0,-6.732,1,0.159,0.352,2.68e-05,0.103,0.174,126.612,4
8,yes,Slovakia,1–2 years,Male,Neither home nor NL,,1- Not at all,4- Slightly increased,2,2,4,2,2,1 - Strongly Disagree,2,girl feels good (fka twigs),FKA twigs,236893,56,0.667,0.693,9,-8.785,1,0.0428,0.531,0.00598,0.101,0.366,112.031,4
8,yes,Slovakia,1–2 years,Male,Neither home nor NL,,1- Not at all,4- Slightly increased,2,2,4,2,2,1 - Strongly Disagree,3,shapeshifter (lorde),Lorde,257065,68,0.574,0.632,0,-5.756,1,0.0618,0.41,0.00735,0.112,0.304,139.914,4
9,yes,China,3–6 months,Male,Neither home nor NL,,1- Not at all,3- No change,2,2,5,6,5,3,1,After Hours,The Weeknd,361026,82,0.658,0.572,5,-6.099,0,0.0308,0.0811,0.0061,0.121,0.144,108.968,4
9,yes,China,3–6 months,Male,Neither home nor NL,,1- Not at all,3- No change,2,2,5,6,5,3,2,Show Me Love,"WizTheMc, bees & honey",176965,83,0.714,0.691,1,-7.333,1,0.0434,0.0212,0.000292,0.111,0.155,107.15,4
9,yes,China,3–6 months,Male,Music from my home country/culture,,1- Not at all,3- No change,2,2,5,6,5,3,3,Strange Weather,"YELLOW黃宣, 9m88",259386,50,0.586,0.376,6,-14.756,0,0.357,0.802,2.69e-06,0.128,0.471,77.548,4
17,yes,Finland,more than 2 years,Female,Neither home nor NL,,5- Entirely,4- Slightly increased,5,7 - Strongly agree,6,4,6,7 - Strongly agree,1,Wywfm,The Neighbourhood,259413,67,0.557,0.845,8,-2.926,0,0.0346,0.0303,0.00851,0.354,0.508,123.997,4
17,yes,Finland,more than 2 years,Female,Music from my home country/culture,,5- Entirely,4- Slightly increased,5,7 - Strongly agree,6,4,6,7 - Strongly agree,2,Moi em,"Wxrdie, Mcee Blue",203687,59,0.761,0.688,11,-9.544,1,0.309,0.455,0.0399,0.11,0.29,151.874,4
17,yes,Finland,more than 2 years,Female,Neither home nor NL,,5- Entirely,4- Slightly increased,5,7 - Strongly agree,6,4,6,7 - Strongly agree,3,Be nice 2 me,Bladee,127791,61,0.449,0.631,7,-9.019,1,0.07,0.0732,9.27e-06,0.482,0.331,139.017,4
18,yes,Belgium,3–6 months,Female,Neither home nor NL,,4- Much,3- No change,1 - Strongly Disagree,1 - Strongly Disagree,2,2,2,2,1,Butterflies - Justin Bieber,Justin Bieber,193525,63,0.588,0.547,9,-8.219,1,0.0313,0.733,1.16e-06,0.195,0.404,103.93,4
18,yes,Belgium,3–6 months,Female,Neither home nor NL,,4- Much,3- No change,1 - Strongly Disagree,1 - Strongly Disagree,2,2,2,2,2,Revolving Door - Tate Mcrae,Tate McRae,180032,84,0.452,0.737,6,-6.22,1,0.27,0.354,0.0,0.105,0.179,147.822,4
18,yes,Belgium,3–6 months,Female,Neither home nor NL,,4- Much,3- No change,1 - Strongly Disagree,1 - Strongly Disagree,2,2,2,2,3,Warm - Ariana Grande,Ariana Grande,201905,69,0.736,0.762,8,-6.48,1,0.0681,0.121,1.78e-05,0.0982,0.492,122.047,4
19,yes,Hungary,more than 2 years,Male,Neither home nor NL,,1- Not at all,3- No change,6,5,7 - Strongly agree,6,1 - Strongly Disagree,4,1,Drunk-Dazed,ENHYPEN,193260,77,0.599,0.869,5,-5.174,0,0.0618,0.000707,0.0,0.0911,0.453,132.889,4
19,yes,Hungary,more than 2 years,Male,Neither home nor NL,,1- Not at all,3- No change,6,5,7 - Strongly agree,6,1 - Strongly Disagree,4,2,Lalalala,Stray Kids,182224,78,0.705,0.849,0,-2.595,1,0.0493,0.0647,0.0,0.653,0.609,125.976,4
19,yes,Hungary,more than 2 years,Male,Neither home nor NL,,1- Not at all,3- No change,6,5,7 - Strongly agree,6,1 - Strongly Disagree,4,3,Like Jennie,JENNIE,123517,89,0.811,0.743,10,-5.321,0,0.0611,0.281,0.00671,0.0868,0.815,130.019,4
20,yes,Czechia,more than 2 years,Male,Neither home nor NL,,1- Not at all,5 - Strongly increased,5,4,5,7 - Strongly agree,5,5,1,Morning Glory,Oasis,303320,58,0.33,0.983,0,-3.038,1,0.0932,0.0664,4.68e-05,0.491,0.0968,136.952,4
20,yes,Czechia,more than 2 years,Male,Neither home nor NL,,1- Not at all,5 - Strongly increased,5,4,5,7 - Strongly agree,5,5,2,She came in through the bathroom window,The Beatles,118626,59,0.53,0.72,2,-8.793,1,0.0338,0.00377,3.32e-05,0.314,0.69,80.656,4
20,yes,Czechia,more than 2 years,Male,Neither home nor NL,,1- Not at all,5 - Strongly increased,5,4,5,7 - Strongly agree,5,5,3,The Passenger ,Iggy Pop,283360,73,0.498,0.889,0,-5.413,1,0.0544,0.0937,1.62e-06,0.734,0.696,134.882,4
24,yes,India,more than 2 years,Female,Neither home nor NL,,1- Not at all,4- Slightly increased,3,5,5,3,3,5,1,Love of my life (harry styles) ,Harry Styles,191638,72,0.555,0.536,7,-8.233,1,0.0452,0.669,0.0,0.0623,0.203,118.057,4
24,yes,India,more than 2 years,Female,Neither home nor NL,,1- Not at all,4- Slightly increased,3,5,5,3,3,5,2,Busy woman (sabrina carpenter),Sabrina Carpenter,186612,83,0.727,0.755,7,-5.152,1,0.036,0.17,0.0,0.101,0.903,117.015,4
24,yes,India,more than 2 years,Female,Neither home nor NL,,1- Not at all,4- Slightly increased,3,5,5,3,3,5,3,Don’t smile (sabrina carpenter),Sabrina Carpenter,206295,79,0.628,0.453,1,-10.141,1,0.0271,0.448,0.000538,0.165,0.328,89.969,4
25,yes,Lebanon,more than 2 years,Female,Neither home nor NL,,1- Not at all,4- Slightly increased,6,3,6,4,2,2,1,Show Me Love (Tyla’s Version),"WizTheMc, bees & honey, Tyla",176957,82,0.673,0.74,5,-5.387,0,0.0452,0.0171,2.32e-05,0.101,0.211,106.966,4
25,yes,Lebanon,more than 2 years,Female,Neither home nor NL,,1- Not at all,4- Slightly increased,6,3,6,4,2,2,2,BAILE INoLVIDABLE,Bad Bunny,367725,93,0.168,0.00332,10,-46.113,1,0.0615,0.192,0.79,0.112,0.219,119.387,3
25,yes,Lebanon,more than 2 years,Female,Neither home nor NL,,1- Not at all,4- Slightly increased,6,3,6,4,2,2,3,Wings (I Won’t Let You Down),"Armand Van Helden, Karen Harding",171904,61,0.692,0.856,1,-2.963,0,0.0351,0.0746,1.15e-05,0.153,0.963,125.99,3
26,yes,China,3–6 months,Female,Neither home nor NL,,1- Not at all,4- Slightly increased,3,2,2,1 - Strongly Disagree,2,2,1,Last Christmas,Wham!,262960,92,0.735,0.478,2,-12.472,1,0.0293,0.189,2.48e-06,0.355,0.947,107.682,4
26,yes,China,3–6 months,Female,Neither home nor NL,,1- Not at all,4- Slightly increased,3,2,2,1 - Strongly Disagree,2,2,2,Boyfriend,Justin Bieber,171333,77,0.717,0.55,10,-6.019,0,0.0521,0.0358,0.00196,0.126,0.332,96.976,4
26,yes,China,3–6 months,Female,Neither home nor NL,,1- Not at all,4- Slightly increased,3,2,2,1 - Strongly Disagree,2,2,3,Zoo,"Disney, Shakira",190822,80,0.856,0.8,2,-5.892,1,0.0839,0.332,0.0,0.167,0.903,129.033,4
27,yes,China,more than 2 years,Female,Neither home nor NL,,3- Neutral,1- Strongly decreased,3,4,4,4,4,4,1,My tears,Taylor Swift,255893,80,0.469,0.263,0,-10.63,1,0.0329,0.806,0.0,0.0749,0.112,129.86,4
27,yes,China,more than 2 years,Female,Neither home nor NL,,3- Neutral,1- Strongly decreased,3,4,4,4,4,4,2,Snow on the beach,"Taylor Swift, Lana Del Rey",229942,73,0.664,0.399,6,-10.997,0,0.0349,0.797,3.13e-06,0.105,0.265,109.937,4
27,yes,China,more than 2 years,Female,Neither home nor NL,,3- Neutral,1- Strongly decreased,3,4,4,4,4,4,3,But daddy I love him ,Taylor Swift,340428,68,0.521,0.72,4,-7.684,1,0.104,0.384,0.0,0.135,0.438,79.943,4
28,yes,India,1–2 years,Female,Neither home nor NL,,3- Neutral,5 - Strongly increased,6,4,7 - Strongly agree,7 - Strongly agree,4,6,1,Velda,"Bad Bunny, Omar Courtz, Dei V",235336,89,0.613,0.981,1,-18.638,1,0.149,0.29,0.0023,0.437,0.0337,101.852,3
28,yes,India,1–2 years,Female,Neither home nor NL,,3- Neutral,5 - Strongly increased,6,4,7 - Strongly agree,7 - Strongly agree,4,6,2,Something,Girl's Day,200705,60,0.813,0.683,6,-3.813,0,0.0285,0.179,0.0,0.0748,0.668,107.95,4
28,yes,India,1–2 years,Female,Music from my home country/culture,,3- Neutral,5 - Strongly increased,6,4,7 - Strongly agree,7 - Strongly agree,4,6,3,Jaane kyun,"Vishal-Shekhar, Vishal Dadlani",277986,57,0.778,0.812,4,-8.561,0,0.046,0.0573,8.28e-06,0.243,0.791,99.962,4
29,yes,prefer not to say,3–6 months,Male,Neither home nor NL,,3- Neutral,3- No change,1 - Strongly Disagree,1 - Strongly Disagree,3,3,2,2,1,lemon,Kenshi Yonezu,255826,73,0.525,0.646,11,-4.963,1,0.0268,0.304,0.0,0.297,0.373,86.957,4
29,yes,prefer not to say,3–6 months,Male,Neither home nor NL,,3- Neutral,3- No change,1 - Strongly Disagree,1 - Strongly Disagree,3,3,2,2,2,apology letter,kensuke ushio,300432,24,0.574,0.816,10,-6.633,0,0.0339,4.56e-06,0.0476,0.103,0.638,124.982,4
29,yes,prefer not to say,3–6 months,Male,Neither home nor NL,,3- Neutral,3- No change,1 - Strongly Disagree,1 - Strongly Disagree,3,3,2,2,3,さよならの夏～コクリコ坂から,広橋真紀子,320680,46,0.353,0.123,8,-16.998,0,0.0563,0.991,0.886,0.109,0.0826,66.273,4
30,yes,Brazil,more than 2 years,Male,Neither home nor NL,,3- Neutral,4- Slightly increased,2,3,5,6,1 - Strongly Disagree,2,1,This is Who I am,Celeste,230520,57,0.501,0.418,2,-7.168,0,0.0377,0.105,2.08e-06,0.106,0.202,117.776,4
30,yes,Brazil,more than 2 years,Male,Neither home nor NL,,3- Neutral,4- Slightly increased,2,3,5,6,1 - Strongly Disagree,2,2,Love the Hell Out of You,Lewis Capaldi,205080,74,0.325,0.472,1,-5.972,1,0.0397,0.52,0.0,0.367,0.206,166.807,3
30,yes,Brazil,more than 2 years,Male,Neither home nor NL,,3- Neutral,4- Slightly increased,2,3,5,6,1 - Strongly Disagree,2,3,Chopin C Minor ,Noble Music Project,242095,21,0.309,0.095,6,-22.75,0,0.0462,0.984,0.936,0.0966,0.0951,62.52,4
31,yes,Taiwan,more than 2 years,Male,Neither home nor NL,,1- Not at all,2-Slightly decreased,5,2,5,4,5,5,1,Home Sweet Home,"G-DRAGON, TAEYANG, DAESUNG",211330,65,0.633,0.752,10,-4.5,0,0.0726,0.00275,1.45e-06,0.0966,0.408,149.947,4
31,yes,Taiwan,more than 2 years,Male,Neither home nor NL,,1- Not at all,2-Slightly decreased,5,2,5,4,5,5,2,Beautiful Things,Benson Boone,180304,85,0.472,0.471,10,-5.692,1,0.0603,0.151,0.0,0.14,0.219,105.029,3
31,yes,Taiwan,more than 2 years,Male,Music from my home country/culture,,1- Not at all,2-Slightly decreased,5,2,5,4,5,5,3,幾乎是愛情,Eric Chou,253728,52,0.487,0.252,1,-10.135,1,0.0261,0.853,0.0,0.111,0.307,80.089,4
32,yes,Italy,more than 2 years,Female,Music from my home country/culture,,3- Neutral,4- Slightly increased,3,3,3,5,3,1 - Strongly Disagree,1,Lacrime di Coccodrillo,"Joe Barbieri, Chiara Civello",271491,30,0.578,0.343,11,-10.375,0,0.0346,0.788,0.000324,0.0842,0.291,99.916,4
32,yes,Italy,more than 2 years,Female,Music from my home country/culture,,3- Neutral,4- Slightly increased,3,3,3,5,3,1 - Strongly Disagree,2,Chillato,"Mattak, Disse",203598,30,0.845,0.624,4,-5.054,0,0.279,0.157,4.79e-05,0.125,0.207,87.172,4
32,yes,Italy,more than 2 years,Female,Music from my home country/culture,,3- Neutral,4- Slightly increased,3,3,3,5,3,1 - Strongly Disagree,3,Solipsia,"Mattak, Silent Bob",214914,32,0.693,0.664,7,-5.686,0,0.363,0.217,0.0,0.116,0.414,68.285,4
34,yes,France,more than 2 years,Female,Neither home nor NL,,3- Neutral,2-Slightly decreased,1 - Strongly Disagree,1 - Strongly Disagree,1 - Strongly Disagree,1 - Strongly Disagree,1 - Strongly Disagree,1 - Strongly Disagree,1,Normal girl,SZA,253590,76,0.624,0.532,0,-7.146,1,0.124,0.269,5.17e-05,0.158,0.362,76.453,4
34,yes,France,more than 2 years,Female,Neither home nor NL,,3- Neutral,2-Slightly decreased,1 - Strongly Disagree,1 - Strongly Disagree,1 - Strongly Disagree,1 - Strongly Disagree,1 - Strongly Disagree,1 - Strongly Disagree,2,TBH,PARTYNEXTDOOR,123080,81,0.543,0.681,1,-7.876,0,0.0477,0.159,1.49e-06,0.298,0.154,124.926,4
34,yes,France,more than 2 years,Female,Neither home nor NL,,3- Neutral,2-Slightly decreased,1 - Strongly Disagree,1 - Strongly Disagree,1 - Strongly Disagree,1 - Strongly Disagree,1 - Strongly Disagree,1 - Strongly Disagree,3,Twenty eight ,The Weeknd,258453,63,0.638,0.633,3,-7.338,0,0.0355,0.574,0.000224,0.111,0.243,130.006,4
37,yes,Taiwan,more than 2 years,Female,Neither home nor NL,,1- Not at all,4- Slightly increased,4,4,3,3,4,3,1,The coast is where home is,AS IT IS,196160,24,0.301,0.909,1,-4.319,0,0.254,0.000413,0.0,0.183,0.326,174.927,4
37,yes,Taiwan,more than 2 years,Female,Neither home nor NL,,1- Not at all,4- Slightly increased,4,4,3,3,4,3,2,Speak Soft X,"AS IT IS, Kellin Quinn",212885,26,0.411,0.976,2,-4.286,1,0.277,0.000169,0.0,0.0982,0.258,159.951,4
37,yes,Taiwan,more than 2 years,Female,Neither home nor NL,,1- Not at all,4- Slightly increased,4,4,3,3,4,3,3,Roses,"The Chainsmokers, ROZES",226738,83,0.713,0.802,4,-7.055,1,0.0561,0.0435,0.00377,0.309,0.343,100.001,4
38,yes,Germany,more than 2 years,Female,Neither home nor NL,,2- Slightly,3- No change,4,3,5,5,4,4,1,So long london,Taylor Swift,262974,69,0.423,0.533,9,-11.388,1,0.322,0.73,0.00264,0.0816,0.248,160.218,4
38,yes,Germany,more than 2 years,Female,Music from my home country/culture,,2- Slightly,3- No change,4,3,5,5,4,4,2,S.o.k.o,"Kinoti, Modest Chabari",177316,24,0.457,0.482,11,-10.031,0,0.0589,0.0374,0.000279,0.127,0.665,94.999,4
38,yes,Germany,more than 2 years,Female,Neither home nor NL,,2- Slightly,3- No change,4,3,5,5,4,4,3,Blackbird,The Beatles,138386,79,0.686,0.127,7,-14.361,1,0.0342,0.754,1.41e-05,0.0573,0.372,93.699,4
41,yes,Taiwan,more than 2 years,Female,Neither home nor NL,,1- Not at all,2-Slightly decreased,2,4,6,7 - Strongly agree,2,2,1,Amphetamin - boyslife ,boylife,120241,34,0.691,0.751,8,-8.222,1,0.426,0.597,0.0165,0.0911,0.633,84.718,4
41,yes,Taiwan,more than 2 years,Female,Neither home nor NL,,1- Not at all,2-Slightly decreased,2,4,6,7 - Strongly agree,2,2,2,Luther,"Kendrick Lamar, SZA",177598,83,0.707,0.575,2,-7.546,1,0.125,0.251,0.0,0.248,0.576,138.008,4
41,yes,Taiwan,more than 2 years,Female,Neither home nor NL,,1- Not at all,2-Slightly decreased,2,4,6,7 - Strongly agree,2,2,3,Derre-bibi ,BIBI,156474,48,0.84,0.678,9,-6.589,1,0.048,0.0445,0.000388,0.341,0.558,124.964,4
42,yes,China,more than 2 years,Male,Neither home nor NL,,1- Not at all,4- Slightly increased,1 - Strongly Disagree,1 - Strongly Disagree,1 - Strongly Disagree,1 - Strongly Disagree,1 - Strongly Disagree,1 - Strongly Disagree,1,Fortnight by Taylor Swift. Featuring. Post Malone,"Taylor Swift, Post Malone",228965,82,0.504,0.386,11,-10.976,1,0.0308,0.502,1.53e-05,0.0961,0.281,192.004,4
42,yes,China,more than 2 years,Male,Neither home nor NL,,1- Not at all,4- Slightly increased,1 - Strongly Disagree,1 - Strongly Disagree,1 - Strongly Disagree,1 - Strongly Disagree,1 - Strongly Disagree,1 - Strongly Disagree,2,NOKIA by Drake,Drake,241023,85,0.537,0.727,5,-4.184,1,0.15,0.247,0.0,0.173,0.508,106.037,4
42,yes,China,more than 2 years,Male,Neither home nor NL,,1- Not at all,4- Slightly increased,1 - Strongly Disagree,1 - Strongly Disagree,1 - Strongly Disagree,1 - Strongly Disagree,1 - Strongly Disagree,1 - Strongly Disagree,3,iPad by The Chainsmokers,The Chainsmokers,202406,56,0.665,0.628,2,-6.297,1,0.026,0.00502,2.02e-05,0.0947,0.551,121.979,4
43,yes,Russia,1–2 years,Male,Neither home nor NL,,2- Slightly,3- No change,1 - Strongly Disagree,3,3,3,4,4,1,This could be us,Rae Sremmurd,206306,78,0.732,0.69,0,-4.992,0,0.134,0.291,0.0,0.116,0.758,143.072,4
43,yes,Russia,1–2 years,Male,Neither home nor NL,,2- Slightly,3- No change,1 - Strongly Disagree,3,3,3,4,4,2,BIRDS OF A FEATHER,Billie Eilish,210373,95,0.747,0.507,2,-10.171,1,0.0358,0.2,0.0608,0.117,0.438,104.978,4
43,yes,Russia,1–2 years,Male,Neither home nor NL,,2- Slightly,3- No change,1 - Strongly Disagree,3,3,3,4,4,3,Just Dance,"Lady Gaga, Colby O'Donis",241933,84,0.822,0.739,1,-4.541,0,0.0311,0.0264,4.28e-05,0.181,0.745,118.99,4
44,yes,Russia,1–2 years,Non-binary / third gender,Music from my home country/culture,,4- Much,2-Slightly decreased,4,1 - Strongly Disagree,4,5,3,3,1,"Марафоны - Роки, Три Дня Дождя","Три дня дождя, Роки",147042,39,0.521,0.906,11,-4.041,1,0.0682,0.0702,0.0,0.123,0.511,141.985,4
44,yes,Russia,1–2 years,Non-binary / third gender,Music from my home country/culture,,4- Much,2-Slightly decreased,4,1 - Strongly Disagree,4,5,3,3,2,Почему ты еще не фанат? - Серега Пират,СЕРЕГА ПИРАТ,163761,55,0.729,0.875,11,-4.99,0,0.103,0.0645,0.000102,0.377,0.706,132.026,4
44,yes,Russia,1–2 years,Non-binary / third gender,Neither home nor NL,,4- Much,2-Slightly decreased,4,1 - Strongly Disagree,4,5,3,3,3,Haifisch - Rammstein,Rammstein,224906,60,0.627,0.842,9,-4.215,1,0.0375,0.000832,0.898,0.115,0.309,134.98,4
45,yes,Finland,1–2 years,Non-binary / third gender,Music from my home country/culture,,4- Much,5 - Strongly increased,3,6,6,5,5,5,1,Питер Паркер -madk1d,madk1d,119062,58,0.483,0.904,8,-8.747,1,0.0859,0.000683,0.18,0.344,0.473,98.797,4
45,yes,Finland,1–2 years,Non-binary / third gender,Music from my home country/culture,,4- Much,5 - Strongly increased,3,6,6,5,5,5,2,Все к лучшему - какая разница,Какая Разница,151463,48,0.678,0.677,9,-7.387,1,0.0462,0.0587,0.118,0.151,0.35,123.018,4
45,yes,Finland,1–2 years,Non-binary / third gender,Music from my home country/culture,,4- Much,5 - Strongly increased,3,6,6,5,5,5,3,Типичная ситуация -madk1d,madk1d,130011,57,0.489,0.871,8,-5.733,0,0.121,0.0111,0.0687,0.461,0.653,165.084,4
46,yes,Russia,1–2 years,Female,Neither home nor NL,,4- Much,5 - Strongly increased,7 - Strongly agree,4,6,7 - Strongly agree,1 - Strongly Disagree,2,1,lil peep - white girl,Lil Peep,201333,61,0.588,0.698,11,-7.057,0,0.0434,0.0724,1.23e-05,0.673,0.121,109.973,4
46,yes,Russia,1–2 years,Female,Music from my home country/culture,,4- Much,5 - Strongly increased,7 - Strongly agree,4,6,7 - Strongly agree,1 - Strongly Disagree,2,2,morgenshtern - povod ,MORGENSHTERN,153250,62,0.753,0.622,1,-4.229,1,0.0662,0.0689,0.0,0.177,0.637,130.101,4
46,yes,Russia,1–2 years,Female,Music from my home country/culture,,4- Much,5 - Strongly increased,7 - Strongly agree,4,6,7 - Strongly agree,1 - Strongly Disagree,2,3,sqwoz bab - tokyo,SQWOZ BAB,160824,54,0.483,0.821,0,-5.357,1,0.0638,0.0495,0.000289,0.0821,0.312,96.972,4
47,yes,Russia,1–2 years,Female,Neither home nor NL,,3- Neutral,3- No change,6,5,5,5,1 - Strongly Disagree,1 - Strongly Disagree,1,Glory box,Portishead,308626,79,0.51,0.434,1,-10.004,1,0.0361,0.177,0.516,0.0603,0.207,119.695,4
47,yes,Russia,1–2 years,Female,Neither home nor NL,,3- Neutral,3- No change,6,5,5,5,1 - Strongly Disagree,1 - Strongly Disagree,2,Homecoming ,"Kanye West, Chris Martin",203493,83,0.67,0.747,1,-7.059,1,0.189,0.337,0.0,0.115,0.918,86.918,4
47,yes,Russia,1–2 years,Female,Music from my home country/culture,,3- Neutral,3- No change,6,5,5,5,1 - Strongly Disagree,1 - Strongly Disagree,3,Поломка,SALUKI,130906,37,0.699,0.677,11,-7.089,1,0.0755,0.00214,0.0,0.143,0.275,92.06,4
48,yes,Russia,1–2 years,Male,Neither home nor NL,,2- Slightly,1- Strongly decreased,3,1 - Strongly Disagree,4,2,1 - Strongly Disagree,3,1,Sir Chloe - Too Close,Sir Chloe,170575,63,0.42,0.558,9,-5.728,1,0.0509,0.167,0.0,0.19,0.538,165.987,4
48,yes,Russia,1–2 years,Male,Music from my home country/culture,,2- Slightly,1- Strongly decreased,3,1 - Strongly Disagree,4,2,1 - Strongly Disagree,3,2,Big Baby Tape - Supersonic ,"Big Baby Tape, Aarne",164000,57,0.883,0.854,8,-5.368,1,0.0461,0.433,0.0,0.258,0.788,120.018,4
48,yes,Russia,1–2 years,Male,Neither home nor NL,,2- Slightly,1- Strongly decreased,3,1 - Strongly Disagree,4,2,1 - Strongly Disagree,3,3,Slowthai - Deal wiv it,"Mura Masa, slowthai",177000,44,0.795,0.674,1,-5.542,1,0.164,0.00625,0.0,0.219,0.869,142.069,4
49,yes,Lithuania,1–2 years,Male,Music from my home country/culture,,2- Slightly,5 - Strongly increased,7 - Strongly agree,7 - Strongly agree,3,1 - Strongly Disagree,3,4,1,GREIČIO,Despotin Fam,287123,28,0.76,0.707,1,-5.481,1,0.378,0.251,0.0,0.129,0.844,77.01,4
49,yes,Lithuania,1–2 years,Male,Music from my home country/culture,,2- Slightly,5 - Strongly increased,7 - Strongly agree,7 - Strongly agree,3,1 - Strongly Disagree,3,4,2,Savo Zonoj,"Mir, Kaifas",154482,30,0.805,0.558,1,-10.177,1,0.226,0.399,0.0923,0.106,0.465,173.927,4
49,yes,Lithuania,1–2 years,Male,Music from my home country/culture,,2- Slightly,5 - Strongly increased,7 - Strongly agree,7 - Strongly agree,3,1 - Strongly Disagree,3,4,3,Taip Išmokė,Mir,130369,23,0.875,0.614,11,-9.5,1,0.293,0.347,0.0082,0.0892,0.608,80.979,4
50,yes,Belgium,1–2 years,Female,Neither home nor NL,,3- Neutral,5 - Strongly increased,3,4,5,3,5,5,1,Dare,"Gorillaz, Shaun Ryder, Roses Gabor",244999,83,0.76,0.891,11,-5.852,0,0.0372,0.0229,0.0869,0.298,0.966,120.264,4
50,yes,Belgium,1–2 years,Female,Neither home nor NL,,3- Neutral,5 - Strongly increased,3,4,5,3,5,5,2,Softcore,The Neighbourhood,206280,86,0.575,0.568,9,-5.509,0,0.03,0.0484,0.000417,0.286,0.37,93.986,4
50,yes,Belgium,1–2 years,Female,Neither home nor NL,,3- Neutral,5 - Strongly increased,3,4,5,3,5,5,3,A little death,The Neighbourhood,209706,72,0.53,0.763,6,-4.712,0,0.0332,0.0026,1.86e-06,0.105,0.338,88.013,4
51,yes,Russia,more than 2 years,Male,Music from my home country/culture,,5- Entirely,4- Slightly increased,5,7 - Strongly agree,5,4,4,5,1,Родина ,ДДТ,277666,46,0.756,0.575,7,-13.205,0,0.0382,0.077,0.0,0.112,0.722,118.89,4
51,yes,Russia,more than 2 years,Male,Neither home nor NL,,5- Entirely,4- Slightly increased,5,7 - Strongly agree,5,4,4,5,2,Natural,Imagine Dragons,189466,81,0.704,0.611,2,-6.112,1,0.041,0.217,0.0,0.0812,0.22,99.994,4
51,yes,Russia,more than 2 years,Male,Neither home nor NL,,5- Entirely,4- Slightly increased,5,7 - Strongly agree,5,4,4,5,3,Here comes the sun,The Beatles,185733,83,0.557,0.54,9,-10.484,1,0.0347,0.0339,0.00248,0.179,0.394,129.177,4
52,yes,Russia,1–2 years,Female,Neither home nor NL,,4- Much,2-Slightly decreased,5,6,4,3,3,7 - Strongly agree,1,Supergirl Reamonn,Reamonn,246066,61,0.662,0.515,6,-9.501,0,0.0296,0.136,0.011,0.0925,0.376,116.24,4
52,yes,Russia,1–2 years,Female,Neither home nor NL,,4- Much,2-Slightly decreased,5,6,4,3,3,7 - Strongly agree,2,The Sound of Believer And One,And One,262480,39,0.626,0.706,5,-7.735,0,0.0282,0.0472,0.717,0.0968,0.294,105.036,4
52,yes,Russia,1–2 years,Female,Music from my home country/culture,,4- Much,2-Slightly decreased,5,6,4,3,3,7 - Strongly agree,3,Демобилизация Сектор Газа,Сектор Газа,234146,46,0.621,0.948,11,-5.298,0,0.043,0.00108,5.63e-05,0.0797,0.75,101.973,4
53,yes,Ukraine,more than 2 years,Male,Neither home nor NL,,4- Much,1- Strongly decreased,3,1 - Strongly Disagree,3,2,2,2,1,Mockingbird Eminem,Eminem,250760,87,0.637,0.678,0,-3.798,1,0.266,0.209,0.0,0.156,0.254,84.039,4
53,yes,Ukraine,more than 2 years,Male,Neither home nor NL,,4- Much,1- Strongly decreased,3,1 - Strongly Disagree,3,2,2,2,2,V Dobrom aj v zlom zuzana smatanova,Zuzana Smatanova,176127,37,0.315,0.758,2,-5.588,0,0.074,0.497,0.0,0.112,0.387,187.69,4
53,yes,Ukraine,more than 2 years,Male,Neither home nor NL,,4- Much,1- Strongly decreased,3,1 - Strongly Disagree,3,2,2,2,3,This is the life Amy Macdonald,Amy Macdonald,184413,79,0.628,0.882,1,-5.024,0,0.0323,0.259,0.0,0.065,0.853,95.083,4
54,yes,Finland,3–6 months,Female,Neither home nor NL,,3- Neutral,5 - Strongly increased,3,2,2,3,3,3,1,All wound up - She wants revenge,She Wants Revenge,224863,63,0.748,0.747,0,-3.62,1,0.0386,0.00131,0.000288,0.434,0.696,119.965,4
54,yes,Finland,3–6 months,Female,Neither home nor NL,,3- Neutral,5 - Strongly increased,3,2,2,3,3,3,2,Your slut - BJ lips,"BJ Lips, Mika Montag",122618,64,0.734,0.525,11,-13.658,1,0.0389,0.0122,0.0,0.338,0.627,114.018,4
54,yes,Finland,3–6 months,Female,Neither home nor NL,,3- Neutral,5 - Strongly increased,3,2,2,3,3,3,3,Love potions - BJ lips,"BJ Lips, princess paparazzi",173168,78,0.66,0.833,11,-5.837,1,0.0331,0.091,0.0,0.203,0.451,121.982,4
55,yes,Russia,more than 2 years,Male,Music from my home country/culture,,5- Entirely,5 - Strongly increased,7 - Strongly agree,5,7 - Strongly agree,5,4,2,1,Maxim Svoboda - On different sides ,Максим Свобода,174585,18,0.529,0.264,1,-8.717,0,0.0364,0.83,2e-06,0.197,0.224,134.711,4
55,yes,Russia,more than 2 years,Male,Neither home nor NL,,5- Entirely,5 - Strongly increased,7 - Strongly agree,5,7 - Strongly agree,5,4,2,2,Jungle - Keep moving ,Jungle,240880,67,0.723,0.604,10,-6.254,0,0.0319,0.179,0.000463,0.0939,0.562,111.497,4
55,yes,Russia,more than 2 years,Male,Music from my home country/culture,,5- Entirely,5 - Strongly increased,7 - Strongly agree,5,7 - Strongly agree,5,4,2,3,Amchi - Honey,AMCHI,101421,12,0.84,0.655,6,-6.528,0,0.244,0.439,0.0,0.527,0.38,96.036,4
56,yes,Russia,1–2 years,Male,Music from my home country/culture,,1- Not at all,5 - Strongly increased,1 - Strongly Disagree,1 - Strongly Disagree,2,2,2,4,1,так похуй,madk1d,108000,67,0.598,0.813,10,-4.188,0,0.169,0.00179,8.74e-05,0.128,0.764,80.008,4
56,yes,Russia,1–2 years,Male,Music from my home country/culture,,1- Not at all,5 - Strongly increased,1 - Strongly Disagree,1 - Strongly Disagree,2,2,2,4,2,ParisLove,FORTUNA 812,109870,66,0.614,0.622,0,-6.989,1,0.0425,0.00984,3.96e-05,0.171,0.187,140.061,4
56,yes,Russia,1–2 years,Male,Neither home nor NL,,1- Not at all,5 - Strongly increased,1 - Strongly Disagree,1 - Strongly Disagree,2,2,2,4,3,Oh Ok - release the files,"ian, shonci",100870,54,0.838,0.595,1,-4.65,1,0.386,0.0131,0.0,0.115,0.444,152.979,4
57,yes,Finland,less than 3 months,Male,Neither home nor NL,,5- Entirely,3- No change,3,4,4,4,4,4,1,HH,"Kojoe, Olive Oil",334213,1,0.294,0.938,10,-4.903,0,0.228,0.316,0.00057,0.491,0.41,176.248,4
57,yes,Finland,less than 3 months,Male,Neither home nor NL,,5- Entirely,3- No change,3,4,4,4,4,4,2,WW3,"poptropicaslutz!, RIZ LA VIE, grandma",152796,35,0.696,0.874,10,-3.508,1,0.044,0.0208,0.0,0.161,0.657,117.974,4
57,yes,Finland,less than 3 months,Male,Neither home nor NL,,5- Entirely,3- No change,3,4,4,4,4,4,3,I wonder ,Kanye West,243440,83,0.542,0.466,0,-8.668,1,0.0824,0.141,0.000444,0.125,0.127,191.386,4
58,yes,Taiwan,more than 2 years,Female,Neither home nor NL,,3- Neutral,5 - Strongly increased,5,5,6,6,6,6,1,The Happiest Girl ,BLACKPINK,222025,47,0.439,0.352,0,-9.632,1,0.057,0.587,0.0,0.14,0.548,181.517,3
58,yes,Taiwan,more than 2 years,Female,Neither home nor NL,,3- Neutral,5 - Strongly increased,5,5,6,6,6,6,2,Malibu Nights,LANY,286928,75,0.559,0.422,11,-11.89,1,0.195,0.701,1.99e-06,0.0853,0.191,74.002,4
58,yes,Taiwan,more than 2 years,Female,Neither home nor NL,,3- Neutral,5 - Strongly increased,5,5,6,6,6,6,3,more,keshi,183543,50,0.517,0.69,5,-5.166,1,0.0424,0.566,0.0,0.414,0.411,160.008,4
59,yes,United States of America,3–6 months,Female,Neither home nor NL,,3- Neutral,1- Strongly decreased,6,5,7 - Strongly agree,3,4,5,1,Baliando,"Enrique Iglesias, Descemer Bueno, Gente De Zona",242920,80,0.729,0.781,7,-3.501,1,0.0954,0.0461,1.97e-06,0.0389,0.961,91.019,4
59,yes,United States of America,3–6 months,Female,Neither home nor NL,,3- Neutral,1- Strongly decreased,6,5,7 - Strongly agree,3,4,5,2,Luna,The Smashing Pumpkins,202320,70,0.574,0.274,9,-13.553,1,0.0286,0.0111,0.786,0.123,0.111,125.652,4
59,yes,United States of America,3–6 months,Female,Neither home nor NL,,3- Neutral,1- Strongly decreased,6,5,7 - Strongly agree,3,4,5,3,Bara Bara Bastu,KAJ,166880,67,0.757,0.889,9,-4.729,0,0.0788,0.0754,2.32e-05,0.0397,0.754,106.037,4
60,yes,Finland,less than 3 months,Non-binary / third gender,Neither home nor NL,,3- Neutral,4- Slightly increased,5,3,4,7 - Strongly agree,4,2,1,Down Under —&gt; Luude,"Luude, Colin Hay",158774,70,0.308,0.861,11,-4.112,0,0.172,0.012,0.00103,0.277,0.0386,171.966,4
60,yes,Finland,less than 3 months,Non-binary / third gender,Neither home nor NL,,3- Neutral,4- Slightly increased,5,3,4,7 - Strongly agree,4,2,2,Pt.2 —&gt; Kanye East,Kanye West,130293,63,0.674,0.752,11,-4.073,1,0.333,0.552,0.0,0.787,0.236,145.076,4
60,yes,Finland,less than 3 months,Non-binary / third gender,Neither home nor NL,,3- Neutral,4- Slightly increased,5,3,4,7 - Strongly agree,4,2,3,Suicidal —&gt; Juice WrLd,"YNW Melly, Juice WRLD",225857,73,0.655,0.441,9,-5.245,0,0.0629,0.474,0.0,0.099,0.273,139.957,4
61,yes,Russia,1–2 years,Female,Music from my home country/culture,,5- Entirely,5 - Strongly increased,5,2,7 - Strongly agree,7 - Strongly agree,2,3,1,Baby - Face,FACE,152424,55,0.765,0.783,5,-5.276,0,0.0334,0.0669,0.0,0.239,0.686,139.923,4
61,yes,Russia,1–2 years,Female,Neither home nor NL,,5- Entirely,5 - Strongly increased,5,2,7 - Strongly agree,7 - Strongly agree,2,3,2,CHIHIRO - Billie Eilish,Billie Eilish,303440,87,0.7,0.425,7,-12.531,1,0.0529,0.144,0.879,0.083,0.521,110.015,4
61,yes,Russia,1–2 years,Female,Neither home nor NL,,5- Entirely,5 - Strongly increased,5,2,7 - Strongly agree,7 - Strongly agree,2,3,3,Only girl - Rihanna,Rihanna,235493,75,0.789,0.716,11,-4.241,0,0.0432,0.129,1.07e-05,0.069,0.611,125.906,4
62,yes,Ukraine,more than 2 years,Female,Neither home nor NL,,2- Slightly,5 - Strongly increased,7 - Strongly agree,7 - Strongly agree,4,4,7 - Strongly agree,7 - Strongly agree,1,Miss possessive,Tate McRae,139098,75,0.782,0.747,8,-4.656,1,0.0361,0.259,1.85e-05,0.1,0.325,101.992,4
62,yes,Ukraine,more than 2 years,Female,Neither home nor NL,,2- Slightly,5 - Strongly increased,7 - Strongly agree,7 - Strongly agree,4,4,7 - Strongly agree,7 - Strongly agree,2,No I'm not in love,Tate McRae,170097,59,0.753,0.748,5,-3.585,0,0.0452,0.38,0.0,0.185,0.882,105.069,4
62,yes,Ukraine,more than 2 years,Female,Neither home nor NL,,2- Slightly,5 - Strongly increased,7 - Strongly agree,7 - Strongly agree,4,4,7 - Strongly agree,7 - Strongly agree,3,Sports car,Tate McRae,165045,79,0.863,0.804,11,-3.685,0,0.0346,0.0542,0.000685,0.0946,0.874,106.986,4
63,yes,Lithuania,1–2 years,Male,Music from my home country/culture,,4- Much,5 - Strongly increased,5,5,6,4,6,4,1,Personažas - Lilas & Innomine,Lilas ir Innomine,224013,38,0.707,0.506,5,-10.063,0,0.0344,0.788,0.000281,0.101,0.205,109.993,4
63,yes,Lithuania,1–2 years,Male,Music from my home country/culture,,4- Much,5 - Strongly increased,5,5,6,4,6,4,2,Paskutinė Minutė - Mėlyna,Mėlyna,210882,37,0.583,0.459,1,-13.704,0,0.0281,0.472,0.0568,0.126,0.26,101.976,4
63,yes,Lithuania,1–2 years,Male,Music from my home country/culture,,4- Much,5 - Strongly increased,5,5,6,4,6,4,3,Impossible - SHWR,SHWR,171600,33,0.616,0.427,9,-9.104,0,0.0354,0.426,0.0,0.0883,0.246,150.145,3
64,yes,Iran,1–2 years,Male,Neither home nor NL,,2- Slightly,4- Slightly increased,7 - Strongly agree,6,4,4,6,6,1,Welcome to Japan (Strokes),The Strokes,230826,64,0.705,0.666,2,-7.23,0,0.0303,0.00233,0.0149,0.174,0.646,124.032,4
64,yes,Iran,1–2 years,Male,Music from my home country/culture,,2- Slightly,4- Slightly increased,7 - Strongly agree,6,4,4,6,6,2,Ostekhoon (127),127,192266,22,0.617,0.73,10,-7.899,0,0.0447,0.45,0.854,0.119,0.738,143.036,4
64,yes,Iran,1–2 years,Male,Music from my home country/culture,,2- Slightly,4- Slightly increased,7 - Strongly agree,6,4,4,6,6,3,Khosro-e Khooban (127),127,217826,21,0.762,0.656,5,-6.265,0,0.049,0.241,0.446,0.182,0.846,127.006,4
65,yes,Ukraine,more than 2 years,Female,Music from my home country/culture,,4- Much,3- No change,6,6,6,7 - Strongly agree,7 - Strongly agree,7 - Strongly agree,1,П.П.М.Л,Земфира,217173,0,0.497,0.723,9,-8.388,0,0.03,0.00172,0.0531,0.496,0.582,142.695,4
65,yes,Ukraine,more than 2 years,Female,Music from my home country/culture,,4- Much,3- No change,6,6,6,7 - Strongly agree,7 - Strongly agree,7 - Strongly agree,2,Yes future,Noize MC,189173,52,0.506,0.944,9,-3.067,1,0.317,0.115,0.0,0.167,0.734,129.993,4
65,yes,Ukraine,more than 2 years,Female,Music from my home country/culture,,4- Much,3- No change,6,6,6,7 - Strongly agree,7 - Strongly agree,7 - Strongly agree,3,Where is my husband ,RAYE,196795,96,0.39,0.781,8,-7.04,1,0.0918,0.0599,0.0,0.14,0.628,115.939,4
66,yes,Taiwan,1–2 years,Female,Neither home nor NL,,1- Not at all,3- No change,2,1 - Strongly Disagree,3,7 - Strongly agree,1 - Strongly Disagree,1 - Strongly Disagree,1,Dtmf,Bad Bunny,237117,93,0.625,0.131,7,-27.405,0,0.0717,0.177,0.218,0.0807,0.032,136.02,4
66,yes,Taiwan,1–2 years,Female,Neither home nor NL,,1- Not at all,3- No change,2,1 - Strongly Disagree,3,7 - Strongly agree,1 - Strongly Disagree,1 - Strongly Disagree,2,Tacones rojos ,Sebastian Yatra,189320,70,0.748,0.856,11,-3.517,0,0.0348,0.0824,0.0,0.142,0.927,123.031,4
66,yes,Taiwan,1–2 years,Female,Neither home nor NL,,1- Not at all,3- No change,2,1 - Strongly Disagree,3,7 - Strongly agree,1 - Strongly Disagree,1 - Strongly Disagree,3,Te Vi ,"Piso 21, Micro TDH",231848,79,0.877,0.777,1,-4.246,1,0.117,0.0446,3.46e-05,0.0863,0.706,102.02,4
67,yes,Taiwan,more than 2 years,Female,Neither home nor NL,,2- Slightly,4- Slightly increased,3,3,5,5,4,3,1,50 feet,SoMo,185714,60,0.515,0.458,10,-9.854,1,0.0868,0.158,0.0,0.0919,0.117,92.988,3
67,yes,Taiwan,more than 2 years,Female,Music from my home country/culture,,2- Slightly,4- Slightly increased,3,3,5,5,4,3,2,Crush on,李浩瑋 Howard Lee,181598,43,0.475,0.522,7,-6.351,1,0.118,0.634,0.0,0.153,0.571,74.755,4
67,yes,Taiwan,more than 2 years,Female,Neither home nor NL,,2- Slightly,4- Slightly increased,3,3,5,5,4,3,3,Nokia,Drake,241023,85,0.537,0.727,5,-4.184,1,0.15,0.247,0.0,0.173,0.508,106.037,4
